,coefficient,std_error,t_stat,p_value
const,9098.896037738708,239.0450601479511,38.06351836807324,0.0
workers,1.1218571663942185,0.18454955306288123,6.078893976036724,1.236762692258253e-09
