,coefficient,std_error,t_stat,p_value
const,9091.377146640747,239.62855192497315,37.93945702049405,0.0
workers,1.1245691651555618,0.18467754168236228,6.089366118430221,1.1587464321394236e-09
