,coefficient,std_error,t_stat,p_value
const,10423.727492392796,787.6839810435152,13.233387682435225,0.0
large_estab_intensity,1422.2178670066687,3860.430892600886,0.3684090990289632,0.7125740179348279
