,coefficient,std_error,t_stat,p_value
const,10146.695342528103,746.269134882961,13.59656304708278,0.0
size_x_Manufacturing,-8665.763071696465,14622.926194770267,-0.5926148403043765,0.5534489205200028
size_x_Finance and Insurance,40287.17326949905,12538.285035710818,3.2131326696398634,0.0013160541445851326
size_x_Retail Trade,-21926.776062669294,5954.578461478741,-3.6823389270151745,0.0002320098521226832
large_estab_intensity,788.7044543866481,4095.797776825814,0.19256430550579648,0.8473031127278237
