,coefficient,std_error,t_stat,p_value
const,33909.933472759665,1131.1209609634368,29.979051439270247,0.0
large_estab_intensity,14012.844516462692,5543.611912974045,2.5277463026709355,0.011491092381110013
