,coefficient,std_error,t_stat,p_value
const,37070.372855596135,417.1383202587527,88.86829872786855,0.0
workers,0.48097421252109224,0.32148122128207873,1.4961191530968736,0.13464176974530018
