,coefficient,std_error,t_stat,p_value
const,0.0016173260928383333,0.036197069932557564,0.04468113291633101,0.9643621317104198
estab_weighted_sum,0.0009119167005629327,0.0002797907489617309,3.2592811018482335,0.0011197069992707753
