,coefficient,std_error,t_stat,p_value
const,38046.75091956305,366.75110087767894,103.73997740841855,0.0
workers,0.15205096006431265,0.2522233488555598,0.6028425233200252,0.5466217334802113
