,coefficient,std_error,t_stat,p_value
const,-0.01637142312072614,0.03427295986316169,-0.4776775389721439,0.6328874504116802
size_x_Manufacturing,-0.00043867724306306794,0.0007781951162380776,-0.563711123225375,0.5729600894681384
size_x_Finance and Insurance,-0.0011072343323854145,0.0003147368767088246,-3.51796822782149,0.0004362908688295697
size_x_Retail Trade,0.004477955551193885,0.0010332932267962287,4.3336735740327885,1.4770008345710295e-05
estab_weighted_sum,0.0008544911813133933,0.00029990673822794574,2.849189672637274,0.00438969046494897
