,coefficient,std_error,t_stat,p_value
const,0.15836234496001486,0.003223339196850344,49.12990389430847,0.0
size_x_Manufacturing,-1.2578547824369256e-05,3.127577144788012e-06,-4.021818564997166,5.804982069190778e-05
size_x_Finance and Insurance,2.1201506611296097e-06,4.838746800394098e-06,0.43816110835907585,0.6612761754667962
size_x_Retail Trade,-1.8160060929989826e-05,1.3818956287619277e-05,-1.3141412818752343,0.1888199275411948
workers,6.945687616780363e-06,2.137342123690898e-06,3.249684521627314,0.0011580241760684729
