,coefficient,std_error,t_stat,p_value
const,0.11130496071329535,0.0029780886056955734,37.37463032511034,0.0
workers,4.287530221940193e-06,2.048101504043333e-06,2.09341686116426,0.03632717290086407
