,coefficient,std_error,t_stat,p_value
const,28765.16601822311,5637.755031427319,5.102237656278689,3.4022272465961123e-07
estab_weighted_sum,62.18627795506245,43.71799373982092,1.4224412566860207,0.1549213253710633
