,coefficient,std_error,t_stat,p_value
const,37004.64304646799,396.532850248698,93.32049796948566,0.0
workers,0.3331509705583821,0.2903740685017497,1.1473165364846436,0.25127018054120853
