,coefficient,std_error,t_stat,p_value
const,0.1577716315479081,0.003148547278793378,50.10934173056825,0.0
workers,4.1010532549998526e-06,2.305626085304008e-06,1.7787156734302427,0.07530780822617422
